{"cameraMode":{"drawMode":0,"name":"Shaded","section":"Shading Mode"},"sceneLighting":false,"audioPlay":false,"sceneViewState":{"m_AlwaysRefresh":false,"showFog":true,"showSkybox":true,"showFlares":true,"showImageEffects":true,"showParticleSystems":true,"showVisualEffectGraphs":true,"m_FxEnabled":true},"in2DMode":false,"pivot":{"x":611.5689086914063,"y":622.9256591796875,"z":1179.9677734375},"rotation":{"x":-0.000009906351806421299,"y":0.9999948740005493,"z":0.004190563224256039,"w":0.002301056170836091},"size":104.39932250976563,"orthographic":false}