{"cameraMode":{"drawMode":0,"name":"Shaded","section":"Shading Mode"},"sceneLighting":true,"audioPlay":false,"sceneViewState":{"m_AlwaysRefresh":false,"showFog":true,"showSkybox":true,"showFlares":true,"showImageEffects":true,"showParticleSystems":true,"showVisualEffectGraphs":true,"m_FxEnabled":true},"in2DMode":false,"pivot":{"x":547.4741821289063,"y":1071.322021484375,"z":-3.99884033203125},"rotation":{"x":-0.03218480944633484,"y":-0.023495055735111238,"z":-0.0006859163986518979,"w":0.9994561076164246},"size":667.5642700195313,"orthographic":false}